[2016] ［パズドラ］オルファリオンを完成させるためにいくつのパーツが必要か,5
[2013] アニメ：桜の花の落ちるスピードは秒速何メートルでしょうか？,5
[2016] ［パズドラ］オルファリオンを完成させるためにいくつのパーツが必要か,5
[2011] MINET：三好研究室にある「レンジでできるスパゲティの容器」は、1人前のパスタゆで時間に何分追加すればおいしくゆでられる？,5
[2016] ［パズドラ］オルファリオンを完成させるためにいくつのパーツが必要か,5
[2016] [ボウリング] スプリットの名称である「インザダーク」とは、1番ピンと何番ピンが残っていることか？,5
[2016] [ボウリング] スプリットの名称である「インザダーク」とは、1番ピンと何番ピンが残っていることか？,5
[2016] ［パズドラ］オルファリオンを完成させるためにいくつのパーツが必要か,5
[2018] 「魔法先生ネギま！」に登場する「ネギ・スプリングフィールド」が担任を勤めている「麻帆良学園本校女子中等学校」のある学級に所属している「和泉 亜子」の出席番号は何？,5
[2014] パズドラ：2014年6月時点で特別保護タイプの種類の数は？,5
[2014] パズドラ：2014年6月時点で特別保護タイプの種類の数は？,5
[2011] MINET：三好研究室にある「レンジでできるスパゲティの容器」は、1人前のパスタゆで時間に何分追加すればおいしくゆでられる？,5
[2016] [ボウリング] スプリットの名称である「ダイムストア」とは、10番ピンと何番ピンが残っていることか？,5
[2014] パズドラ：2014年6月時点で特別保護タイプの種類の数は？,5
[2016] [ボウリング] スプリットの名称である「ダイムストア」とは、10番ピンと何番ピンが残っていることか？,5
[2017] [格ゲー］ギルティギアXrdRev2でのソルの立K1段目の発生フレームはいくつ?,5
[2018] 「魔法先生ネギま！」に登場する「ネギ・スプリングフィールド」が担任を勤めている「麻帆良学園本校女子中等学校」のある学級に所属している「和泉 亜子」の出席番号は何？,5
[2016] [ボウリング] スプリットの名称である「ダイムストア」とは、10番ピンと何番ピンが残っていることか？,5
[2011] MINET：三好研究室にある「レンジでできるスパゲティの容器」は、1人前のパスタゆで時間に何分追加すればおいしくゆでられる？,5
[2018] 「魔法先生ネギま！」に登場する「ネギ・スプリングフィールド」が担任を勤めている「麻帆良学園本校女子中等学校」のある学級に所属している「和泉 亜子」の出席番号は何？,5
[2017] [格ゲー］ギルティギアXrdRev2でのソルの立K1段目の発生フレームはいくつ?,5
[2014] パズドラ：2014年6月時点で特別保護タイプの種類の数は？,5
[2014] 映画モンスターズ・インクに登場するウォーターヌースの目の数はいくつ？,5
[FR]le drapeau tricolore, bleu, blanc, rouge.  L'hymne national est la "Marseillaise".  La devise ,5
[2014] 映画モンスターズ・インクに登場するウォーターヌースの目の数はいくつ？,5
[2014] パズドラ：2014年6月時点で特別保護タイプの種類の数は？,5
[2013] アニメ：桜の花の落ちるスピードは秒速何メートルでしょうか？,5
[2016] [ボウリング] スプリットの名称である「ダイムストア」とは、10番ピンと何番ピンが残っていることか？,5
[2014] パズドラ：2014年6月時点で特別保護タイプの種類の数は？,5
[2018] ヒカルの〇,5
[2018] 「魔法先生ネギま！」に登場する「ネギ・スプリングフィールド」が担任を勤めている「麻帆良学園本校女子中等学校」のある学級に所属している「和泉 亜子」の出席番号は何？,5
[2016] ［パズドラ］オルファリオンを完成させるためにいくつのパーツが必要か,5
[2018] ヒカルの〇,5
[FR]le drapeau tricolore, bleu, blanc, rouge.  L'hymne national est la "Marseillaise".  La devise ,5
[2017] [格ゲー］ギルティギアXrdRev2でのソルの立K1段目の発生フレームはいくつ?,5
[2018] 「魔法先生ネギま！」に登場する「ネギ・スプリングフィールド」が担任を勤めている「麻帆良学園本校女子中等学校」のある学級に所属している「和泉 亜子」の出席番号は何？,5
[2011] MINET：三好研究室にある「レンジでできるスパゲティの容器」は、1人前のパスタゆで時間に何分追加すればおいしくゆでられる？,5
[2018] 「魔法先生ネギま！」に登場する「ネギ・スプリングフィールド」が担任を勤めている「麻帆良学園本校女子中等学校」のある学級に所属している「和泉 亜子」の出席番号は何？,5
[2014] パズドラ：2014年6月時点で特別保護タイプの種類の数は？,5
[2016] [ボウリング] スプリットの名称である「ダイムストア」とは、10番ピンと何番ピンが残っていることか？,5
[2016] ［パズドラ］オルファリオンを完成させるためにいくつのパーツが必要か,5
[2016] [ボウリング] スプリットの名称である「インザダーク」とは、1番ピンと何番ピンが残っていることか？,5
[2018] ヒカルの〇,5
[2017] [格ゲー］ギルティギアXrdRev2でのソルの立K1段目の発生フレームはいくつ?,5
[2011] MINET：三好研究室にある「レンジでできるスパゲティの容器」は、1人前のパスタゆで時間に何分追加すればおいしくゆでられる？,5
[FR]le drapeau tricolore, bleu, blanc, rouge.  L'hymne national est la "Marseillaise".  La devise ,5
[2011] MINET：三好研究室にある「レンジでできるスパゲティの容器」は、1人前のパスタゆで時間に何分追加すればおいしくゆでられる？,5
[2014] 映画モンスターズ・インクに登場するウォーターヌースの目の数はいくつ？,5
[2011] MINET：三好研究室にある「レンジでできるスパゲティの容器」は、1人前のパスタゆで時間に何分追加すればおいしくゆでられる？,5
[2016] [ボウリング] スプリットの名称である「ダイムストア」とは、10番ピンと何番ピンが残っていることか？,5
[2014] パズドラ：2014年6月時点で特別保護タイプの種類の数は？,5
[2013] アニメ：桜の花の落ちるスピードは秒速何メートルでしょうか？,5
[2013] アニメ：桜の花の落ちるスピードは秒速何メートルでしょうか？,5
[FR]le drapeau tricolore, bleu, blanc, rouge.  L'hymne national est la "Marseillaise".  La devise ,5
[2016] [ボウリング] スプリットの名称である「インザダーク」とは、1番ピンと何番ピンが残っていることか？,5
[2017] [格ゲー］ギルティギアXrdRev2でのソルの立K1段目の発生フレームはいくつ?,5
[2018] ヒカルの〇,5
[2016] [ボウリング] スプリットの名称である「ダイムストア」とは、10番ピンと何番ピンが残っていることか？,5
[2013] アニメ：桜の花の落ちるスピードは秒速何メートルでしょうか？,5
[2016] [ボウリング] スプリットの名称である「ダイムストア」とは、10番ピンと何番ピンが残っていることか？,5
[2013] アニメ：桜の花の落ちるスピードは秒速何メートルでしょうか？,5
[2018] 「魔法先生ネギま！」に登場する「ネギ・スプリングフィールド」が担任を勤めている「麻帆良学園本校女子中等学校」のある学級に所属している「和泉 亜子」の出席番号は何？,5
[2013] アニメ：桜の花の落ちるスピードは秒速何メートルでしょうか？,5
[FR]le drapeau tricolore, bleu, blanc, rouge.  L'hymne national est la "Marseillaise".  La devise ,5
[2011] MINET：三好研究室にある「レンジでできるスパゲティの容器」は、1人前のパスタゆで時間に何分追加すればおいしくゆでられる？,5
[2016] ［パズドラ］オルファリオンを完成させるためにいくつのパーツが必要か,5
[2014] パズドラ：2014年6月時点で特別保護タイプの種類の数は？,5
[2016] ［パズドラ］オルファリオンを完成させるためにいくつのパーツが必要か,5
[2017] [格ゲー］ギルティギアXrdRev2でのソルの立K1段目の発生フレームはいくつ?,5
[2016] [ボウリング] スプリットの名称である「ダイムストア」とは、10番ピンと何番ピンが残っていることか？,5
[2016] [ボウリング] スプリットの名称である「インザダーク」とは、1番ピンと何番ピンが残っていることか？,5
[2018] ヒカルの〇,5
[FR]le drapeau tricolore, bleu, blanc, rouge.  L'hymne national est la "Marseillaise".  La devise ,5
[2016] ［パズドラ］オルファリオンを完成させるためにいくつのパーツが必要か,5
[2018] ヒカルの〇,5
[2018] ヒカルの〇,5
[2016] ［パズドラ］オルファリオンを完成させるためにいくつのパーツが必要か,5
[2018] 「魔法先生ネギま！」に登場する「ネギ・スプリングフィールド」が担任を勤めている「麻帆良学園本校女子中等学校」のある学級に所属している「和泉 亜子」の出席番号は何？,5
[FR]le drapeau tricolore, bleu, blanc, rouge.  L'hymne national est la "Marseillaise".  La devise ,5
[2013] アニメ：桜の花の落ちるスピードは秒速何メートルでしょうか？,5
[FR]le drapeau tricolore, bleu, blanc, rouge.  L'hymne national est la "Marseillaise".  La devise ,5
[2014] パズドラ：2014年6月時点で特別保護タイプの種類の数は？,5
[2018] ヒカルの〇,5
[2013] アニメ：桜の花の落ちるスピードは秒速何メートルでしょうか？,5
[2013] アニメ：桜の花の落ちるスピードは秒速何メートルでしょうか？,5
[2016] [ボウリング] スプリットの名称である「インザダーク」とは、1番ピンと何番ピンが残っていることか？,5
[2016] ［パズドラ］オルファリオンを完成させるためにいくつのパーツが必要か,5
[2011] MINET：三好研究室にある「レンジでできるスパゲティの容器」は、1人前のパスタゆで時間に何分追加すればおいしくゆでられる？,5
[2018] 「魔法先生ネギま！」に登場する「ネギ・スプリングフィールド」が担任を勤めている「麻帆良学園本校女子中等学校」のある学級に所属している「和泉 亜子」の出席番号は何？,5
[2018] 「魔法先生ネギま！」に登場する「ネギ・スプリングフィールド」が担任を勤めている「麻帆良学園本校女子中等学校」のある学級に所属している「和泉 亜子」の出席番号は何？,5
[2013] アニメ：桜の花の落ちるスピードは秒速何メートルでしょうか？,5
[2018] 「魔法先生ネギま！」に登場する「ネギ・スプリングフィールド」が担任を勤めている「麻帆良学園本校女子中等学校」のある学級に所属している「和泉 亜子」の出席番号は何？,5
[2017] [格ゲー］ギルティギアXrdRev2でのソルの立K1段目の発生フレームはいくつ?,5
[2016] [ボウリング] スプリットの名称である「インザダーク」とは、1番ピンと何番ピンが残っていることか？,5
[2018] 「魔法先生ネギま！」に登場する「ネギ・スプリングフィールド」が担任を勤めている「麻帆良学園本校女子中等学校」のある学級に所属している「和泉 亜子」の出席番号は何？,5
[2013] アニメ：桜の花の落ちるスピードは秒速何メートルでしょうか？,5
[2016] [ボウリング] スプリットの名称である「インザダーク」とは、1番ピンと何番ピンが残っていることか？,5
[2017] [格ゲー］ギルティギアXrdRev2でのソルの立K1段目の発生フレームはいくつ?,5
[2014] パズドラ：2014年6月時点で特別保護タイプの種類の数は？,5
[2018] 「魔法先生ネギま！」に登場する「ネギ・スプリングフィールド」が担任を勤めている「麻帆良学園本校女子中等学校」のある学級に所属している「和泉 亜子」の出席番号は何？,5
[2018] 「魔法先生ネギま！」に登場する「ネギ・スプリングフィールド」が担任を勤めている「麻帆良学園本校女子中等学校」のある学級に所属している「和泉 亜子」の出席番号は何？,5
[2014] 映画モンスターズ・インクに登場するウォーターヌースの目の数はいくつ？,5
[2013] アニメ：桜の花の落ちるスピードは秒速何メートルでしょうか？,5
[2016] ［パズドラ］オルファリオンを完成させるためにいくつのパーツが必要か,5
[2016] [ボウリング] スプリットの名称である「ダイムストア」とは、10番ピンと何番ピンが残っていることか？,5
[2016] [ボウリング] スプリットの名称である「インザダーク」とは、1番ピンと何番ピンが残っていることか？,5
[2011] MINET：三好研究室にある「レンジでできるスパゲティの容器」は、1人前のパスタゆで時間に何分追加すればおいしくゆでられる？,5
[2013] アニメ：桜の花の落ちるスピードは秒速何メートルでしょうか？,5
[2014] 映画モンスターズ・インクに登場するウォーターヌースの目の数はいくつ？,5
[2014] 映画モンスターズ・インクに登場するウォーターヌースの目の数はいくつ？,5
[FR]le drapeau tricolore, bleu, blanc, rouge.  L'hymne national est la "Marseillaise".  La devise ,5
[2017] [格ゲー］ギルティギアXrdRev2でのソルの立K1段目の発生フレームはいくつ?,5
[2018] 「魔法先生ネギま！」に登場する「ネギ・スプリングフィールド」が担任を勤めている「麻帆良学園本校女子中等学校」のある学級に所属している「和泉 亜子」の出席番号は何？,5
[2014] 映画モンスターズ・インクに登場するウォーターヌースの目の数はいくつ？,5
[2016] [ボウリング] スプリットの名称である「ダイムストア」とは、10番ピンと何番ピンが残っていることか？,5
[2018] ヒカルの〇,5
[2016] [ボウリング] スプリットの名称である「ダイムストア」とは、10番ピンと何番ピンが残っていることか？,5
[2016] ［パズドラ］オルファリオンを完成させるためにいくつのパーツが必要か,5
[2011] MINET：三好研究室にある「レンジでできるスパゲティの容器」は、1人前のパスタゆで時間に何分追加すればおいしくゆでられる？,5
[2014] 映画モンスターズ・インクに登場するウォーターヌースの目の数はいくつ？,5
[2016] [ボウリング] スプリットの名称である「ダイムストア」とは、10番ピンと何番ピンが残っていることか？,5
[2018] ヒカルの〇,5
[2014] 映画モンスターズ・インクに登場するウォーターヌースの目の数はいくつ？,5
[2016] [ボウリング] スプリットの名称である「インザダーク」とは、1番ピンと何番ピンが残っていることか？,5
[2016] [ボウリング] スプリットの名称である「インザダーク」とは、1番ピンと何番ピンが残っていることか？,5
